{
    "TaIr_SiSn_": {
        "rlx": -217.75799,
        "rlx2": -217.75823,
        "A": 105.35606879407055,
        "stc": -217.75934
    }
}